{"feature_0": 0.57497, "feature_1": 0.57497, "feature_2": 0.57497, "feature_3": 0.57499, "feature_4": 0.57497, "feature_5": 0.57497, "feature_6": 0.57497, "feature_7": 0.57497, "feature_8": 0.57497, "feature_9": 0.57499, "feature_10": 0.575, "feature_11": 0.57497, "feature_12": 0.57506, "feature_13": 0.57497, "feature_14": 0.57497, "feature_15": 0.57497, "feature_16": 0.57497, "feature_17": 0.57497, "feature_18": 0.57497, "feature_19": 0.57497, "feature_20": 0.57497, "feature_21": 0.57497, "feature_22": 0.57497, "feature_23": 0.57497, "feature_24": 0.57497, "feature_25": 0.57497, "feature_26": 0.57506, "feature_27": 0.57497, "feature_28": 0.57497, "feature_29": 0.57497, "feature_30": 0.57556, "feature_31": 0.57497, "feature_32": 0.57497, "feature_33": 0.57497, "feature_34": 0.57497, "feature_35": 0.57497, "feature_36": 0.57497, "feature_37": 0.57497, "feature_38": 0.57497, "feature_39": 0.57498, "feature_40": 0.57508, "feature_41": 0.57497, "feature_42": 0.57498, "feature_43": 0.57497, "feature_44": 0.57497, "feature_45": 0.57497, "feature_46": 0.57497, "feature_47": 0.57499, "feature_48": 0.57511, "feature_49": 0.57498, "feature_0__d__feature_1": 0.57497, "feature_0__d__feature_2": 0.57497, "feature_0__d__feature_3": 0.57498, "feature_0__d__feature_4": 0.57497, "feature_0__d__feature_5": 0.57497, "feature_0__d__feature_6": 0.57497, "feature_0__d__feature_7": 0.57498, "feature_0__d__feature_8": 0.57498, "feature_0__d__feature_9": 0.57497, "feature_0__d__feature_10": 0.57497, "feature_0__d__feature_11": 0.57497, "feature_0__d__feature_12": 0.57497, "feature_0__d__feature_13": 0.57497, "feature_0__d__feature_14": 0.57499, "feature_0__d__feature_15": 0.57498, "feature_0__d__feature_16": 0.57501, "feature_0__d__feature_17": 0.57498, "feature_0__d__feature_18": 0.57498, "feature_0__d__feature_19": 0.57497, "feature_0__d__feature_20": 0.57497, "feature_0__d__feature_21": 0.57498, "feature_0__d__feature_22": 0.57497, "feature_0__d__feature_23": 0.57499, "feature_0__d__feature_24": 0.57498, "feature_0__d__feature_25": 0.57497, "feature_0__d__feature_26": 0.57497, "feature_0__d__feature_27": 0.57502, "feature_0__d__feature_28": 0.57497, "feature_0__d__feature_29": 0.57497, "feature_0__d__feature_30": 0.57503, "feature_0__d__feature_31": 0.57499, "feature_0__d__feature_32": 0.57498, "feature_0__d__feature_33": 0.57497, "feature_0__d__feature_34": 0.57497, "feature_0__d__feature_35": 0.57497, "feature_0__d__feature_36": 0.57497, "feature_0__d__feature_37": 0.57498, "feature_0__d__feature_38": 0.575, "feature_0__d__feature_39": 0.57498, "feature_0__d__feature_40": 0.57498, "feature_0__d__feature_41": 0.57498, "feature_0__d__feature_42": 0.57498, "feature_0__d__feature_43": 0.57497, "feature_0__d__feature_44": 0.57499, "feature_0__d__feature_45": 0.57497, "feature_0__d__feature_46": 0.57498, "feature_0__d__feature_47": 0.57498, "feature_0__d__feature_48": 0.57499, "feature_0__d__feature_49": 0.57497, "feature_1__d__feature_0": 0.57499, "feature_1__d__feature_2": 0.57497, "feature_1__d__feature_3": 0.57499, "feature_1__d__feature_4": 0.57498, "feature_1__d__feature_5": 0.57499, "feature_1__d__feature_6": 0.57497, "feature_1__d__feature_7": 0.57497, "feature_1__d__feature_8": 0.57502, "feature_1__d__feature_9": 0.57498, "feature_1__d__feature_10": 0.57498, "feature_1__d__feature_11": 0.57502, "feature_1__d__feature_12": 0.57501, "feature_1__d__feature_13": 0.57497, "feature_1__d__feature_14": 0.57503, "feature_1__d__feature_15": 0.57499, "feature_1__d__feature_16": 0.57503, "feature_1__d__feature_17": 0.57498, "feature_1__d__feature_18": 0.57499, "feature_1__d__feature_19": 0.57498, "feature_1__d__feature_20": 0.57498, "feature_1__d__feature_21": 0.57497, "feature_1__d__feature_22": 0.57497, "feature_1__d__feature_23": 0.57497, "feature_1__d__feature_24": 0.57502, "feature_1__d__feature_25": 0.57498, "feature_1__d__feature_26": 0.57499, "feature_1__d__feature_27": 0.575, "feature_1__d__feature_28": 0.57497, "feature_1__d__feature_29": 0.575, "feature_1__d__feature_30": 0.57507, "feature_1__d__feature_31": 0.575, "feature_1__d__feature_32": 0.575, "feature_1__d__feature_33": 0.57498, "feature_1__d__feature_34": 0.57502, "feature_1__d__feature_35": 0.57498, "feature_1__d__feature_36": 0.57504, "feature_1__d__feature_37": 0.57497, "feature_1__d__feature_38": 0.57498, "feature_1__d__feature_39": 0.57503, "feature_1__d__feature_40": 0.57498, "feature_1__d__feature_41": 0.57505, "feature_1__d__feature_42": 0.57497, "feature_1__d__feature_43": 0.57503, "feature_1__d__feature_44": 0.57511, "feature_1__d__feature_45": 0.575, "feature_1__d__feature_46": 0.57498, "feature_1__d__feature_47": 0.57503, "feature_1__d__feature_48": 0.575, "feature_1__d__feature_49": 0.57502, "feature_2__d__feature_0": 0.57498, "feature_2__d__feature_1": 0.57501, "feature_2__d__feature_3": 0.57507, "feature_2__d__feature_4": 0.57505, "feature_2__d__feature_5": 0.57515, "feature_2__d__feature_6": 0.575, "feature_2__d__feature_7": 0.575, "feature_2__d__feature_8": 0.57501, "feature_2__d__feature_9": 0.57497, "feature_2__d__feature_10": 0.57497, "feature_2__d__feature_11": 0.57497, "feature_2__d__feature_12": 0.57504, "feature_2__d__feature_13": 0.5751, "feature_2__d__feature_14": 0.57517, "feature_2__d__feature_15": 0.57497, "feature_2__d__feature_16": 0.57497, "feature_2__d__feature_17": 0.57497, "feature_2__d__feature_18": 0.575, "feature_2__d__feature_19": 0.57499, "feature_2__d__feature_20": 0.57497, "feature_2__d__feature_21": 0.57505, "feature_2__d__feature_22": 0.57497, "feature_2__d__feature_23": 0.575, "feature_2__d__feature_24": 0.57499, "feature_2__d__feature_25": 0.57498, "feature_2__d__feature_26": 0.57502, "feature_2__d__feature_27": 0.57507, "feature_2__d__feature_28": 0.57502, "feature_2__d__feature_29": 0.57497, "feature_2__d__feature_30": 0.57507, "feature_2__d__feature_31": 0.57503, "feature_2__d__feature_32": 0.57497, "feature_2__d__feature_33": 0.57522, "feature_2__d__feature_34": 0.57502, "feature_2__d__feature_35": 0.57497, "feature_2__d__feature_36": 0.57497, "feature_2__d__feature_37": 0.57499, "feature_2__d__feature_38": 0.575, "feature_2__d__feature_39": 0.57502, "feature_2__d__feature_40": 0.57497, "feature_2__d__feature_41": 0.575, "feature_2__d__feature_42": 0.57499, "feature_2__d__feature_43": 0.57518, "feature_2__d__feature_44": 0.57504, "feature_2__d__feature_45": 0.57497, "feature_2__d__feature_46": 0.57502, "feature_2__d__feature_47": 0.57502, "feature_2__d__feature_48": 0.57505, "feature_2__d__feature_49": 0.57499, "feature_3__d__feature_0": 0.57498, "feature_3__d__feature_1": 0.57498, "feature_3__d__feature_2": 0.57497, "feature_3__d__feature_4": 0.57497, "feature_3__d__feature_5": 0.57497, "feature_3__d__feature_6": 0.57498, "feature_3__d__feature_7": 0.57498, "feature_3__d__feature_8": 0.57499, "feature_3__d__feature_9": 0.57497, "feature_3__d__feature_10": 0.57503, "feature_3__d__feature_11": 0.57502, "feature_3__d__feature_12": 0.57501, "feature_3__d__feature_13": 0.57503, "feature_3__d__feature_14": 0.57497, "feature_3__d__feature_15": 0.57497, "feature_3__d__feature_16": 0.57502, "feature_3__d__feature_17": 0.57503, "feature_3__d__feature_18": 0.57498, "feature_3__d__feature_19": 0.57498, "feature_3__d__feature_20": 0.57498, "feature_3__d__feature_21": 0.575, "feature_3__d__feature_22": 0.57497, "feature_3__d__feature_23": 0.57497, "feature_3__d__feature_24": 0.575, "feature_3__d__feature_25": 0.57501, "feature_3__d__feature_26": 0.57502, "feature_3__d__feature_27": 0.57497, "feature_3__d__feature_28": 0.575, "feature_3__d__feature_29": 0.57498, "feature_3__d__feature_30": 0.5751, "feature_3__d__feature_31": 0.57499, "feature_3__d__feature_32": 0.57503, "feature_3__d__feature_33": 0.57498, "feature_3__d__feature_34": 0.57501, "feature_3__d__feature_35": 0.57497, "feature_3__d__feature_36": 0.57497, "feature_3__d__feature_37": 0.57498, "feature_3__d__feature_38": 0.57497, "feature_3__d__feature_39": 0.57503, "feature_3__d__feature_40": 0.57498,